{"cameraMode":{"drawMode":0,"name":"Shaded","section":"Shading Mode"},"sceneLighting":false,"audioPlay":false,"sceneViewState":{"showFog":true,"showMaterialUpdate":true,"showSkybox":false,"showFlares":true,"showImageEffects":true,"showParticleSystems":true},"in2DMode":false,"pivot":{"x":-0.9049019813537598,"y":10.434067726135254,"z":-0.16739845275878907},"rotation":{"x":-0.08951561152935028,"y":0.12129774689674378,"z":-0.010983128100633622,"w":-0.9885140657424927},"size":4.955677509307861,"orthographic":false}