{"cameraMode":{"drawMode":0,"name":"Shaded","section":"Shading Mode"},"sceneLighting":true,"audioPlay":false,"sceneViewState":{"showFog":true,"showMaterialUpdate":true,"showSkybox":true,"showFlares":true,"showImageEffects":true,"showParticleSystems":true},"in2DMode":false,"pivot":{"x":-7.6120524406433109,"y":-9.24553108215332,"z":62.08679962158203},"rotation":{"x":-0.12891875207424165,"y":0.02203618735074997,"z":-0.0028787364717572929,"w":-0.9914198517799377},"size":34.96104049682617,"orthographic":false}