{"cameraMode":{"drawMode":0,"name":"Shaded","section":"Shading Mode"},"sceneLighting":false,"audioPlay":false,"sceneViewState":{"showFog":true,"showMaterialUpdate":true,"showSkybox":false,"showFlares":true,"showImageEffects":true,"showParticleSystems":true},"in2DMode":false,"pivot":{"x":-0.00012499094009399414,"y":1.370300054550171,"z":0.0},"rotation":{"x":-0.07214472442865372,"y":0.052933283150196078,"z":-0.003833088790997863,"w":-0.9959845542907715},"size":1.48893404006958,"orthographic":false}