{"cameraMode":{"drawMode":0,"name":"Shaded","section":"Shading Mode"},"sceneLighting":false,"audioPlay":false,"sceneViewState":{"showFog":true,"showMaterialUpdate":true,"showSkybox":false,"showFlares":true,"showImageEffects":true,"showParticleSystems":true},"in2DMode":false,"pivot":{"x":-67.054931640625,"y":843.7750854492188,"z":354.390625},"rotation":{"x":-0.10773826390504837,"y":0.08102867752313614,"z":-0.008810652419924736,"w":-0.9908328652381897},"size":7332.29296875,"orthographic":false}