{"cameraMode":{"drawMode":0,"name":"Shaded","section":"Shading Mode"},"sceneLighting":false,"audioPlay":false,"sceneViewState":{"showFog":true,"showMaterialUpdate":false,"showSkybox":false,"showFlares":true,"showImageEffects":true,"showParticleSystems":true},"in2DMode":false,"pivot":{"x":120.4144287109375,"y":-69.0947265625,"z":-165.77796936035157},"rotation":{"x":-0.054650191217660907,"y":-0.9311882257461548,"z":0.15678809583187104,"w":-0.3245747983455658},"size":144.2483673095703,"orthographic":false}