{"cameraMode":{"drawMode":0,"name":"Shaded","section":"Shading Mode"},"sceneLighting":false,"audioPlay":false,"sceneViewState":{"showFog":true,"showMaterialUpdate":false,"showSkybox":false,"showFlares":true,"showImageEffects":true,"showParticleSystems":true},"in2DMode":false,"pivot":{"x":0.04124999791383743,"y":0.46422502398490908,"z":0.0},"rotation":{"x":-0.0722467452287674,"y":0.0035874545574188234,"z":-0.00026013609021902084,"w":-0.997387707233429},"size":0.48426204919815066,"orthographic":false}