{"cameraMode":{"drawMode":0,"name":"Shaded","section":"Shading Mode"},"sceneLighting":false,"audioPlay":false,"sceneViewState":{"showFog":true,"showMaterialUpdate":false,"showSkybox":false,"showFlares":true,"showImageEffects":true,"showParticleSystems":true},"in2DMode":false,"pivot":{"x":0.40638798475265505,"y":1.300112009048462,"z":-2.9802322387695315e-8},"rotation":{"x":-0.0722467452287674,"y":0.0035874545574188234,"z":-0.00026013609021902084,"w":-0.997387707233429},"size":1.6122945547103882,"orthographic":false}