{"cameraMode":{"drawMode":0,"name":"Shaded","section":"Shading Mode"},"sceneLighting":false,"audioPlay":false,"sceneViewState":{"showFog":true,"showMaterialUpdate":false,"showSkybox":false,"showFlares":true,"showImageEffects":true,"showParticleSystems":true},"in2DMode":false,"pivot":{"x":-0.15595486760139466,"y":2.600750207901001,"z":1.4901161193847657e-8},"rotation":{"x":-0.0722467452287674,"y":0.0035874545574188234,"z":-0.00026013609021902084,"w":-0.997387707233429},"size":2.6168277263641359,"orthographic":false}