{"cameraMode":{"drawMode":0,"name":"Shaded","section":"Shading Mode"},"sceneLighting":true,"audioPlay":false,"sceneViewState":{"showFog":true,"showMaterialUpdate":false,"showSkybox":true,"showFlares":true,"showImageEffects":true,"showParticleSystems":true},"in2DMode":false,"pivot":{"x":57.19538116455078,"y":-111.0191650390625,"z":341.8460998535156},"rotation":{"x":-0.15952295064926148,"y":-0.08518384397029877,"z":0.013815721496939659,"w":-0.9834312796592712},"size":192.35157775878907,"orthographic":false}