{"cameraMode":{"drawMode":0,"name":"Shaded","section":"Shading Mode"},"sceneLighting":false,"audioPlay":false,"sceneViewState":{"showFog":true,"showMaterialUpdate":false,"showSkybox":false,"showFlares":true,"showImageEffects":true,"showParticleSystems":true},"in2DMode":false,"pivot":{"x":0.01583075523376465,"y":1.9857499599456788,"z":-1.4901161193847657e-8},"rotation":{"x":-0.0722467452287674,"y":0.0035874545574188234,"z":-0.00026013609021902084,"w":-0.997387707233429},"size":2.1770682334899904,"orthographic":false}